session_idx,participant_file,Participant,Language,model_family,scale,window_sec,component,modality,token_step,tokens_in_session,center_progress,anchor_sec,approx_start_sec,approx_end_sec,event_phase,nearest_naming_distance_sec,naming_events,naming_events_per_min,code,z1,z2,q1,q2,CG_gaze_object,CG_gaze_cpa,CG_gaze_other,CG_touch,CG_attention_beh,CG_reflang,Child_gaze_object,Child_gaze_cpa,Child_gaze_other,Child_touch,Child_attention_beh,Child_reflang,dyadic_object_gaze_overlap,dyadic_cpa_gaze_overlap,dyadic_other_gaze_overlap,CG_language,Child_language,language_naming_group,Session,Child_Hearing,group,Age_Months,Gender
0,P01_S1_NGT_JR_BH_MM.eaf,P01,NGT,joint_unimodal_independent_vq,s1,1.0,joint,joint,0,1608,0.0012414649827405,0.5,0.0,1.0,far,55.0889892578125,39,5.810055865921788,1,-2.2936410903930664,-1.5918885469436646,-0.5152609348297119,-0.5455045700073242,0.75,0.0,0.5,0.0,0.0,0.0,1.0,0.0,0.0,0.0,0.0,0.0,0.75,0.0,0.0,0.0,0.0,high,S1,Hearing,BiBi,34.65,M
1,P01_S2_NGT_JR_AD_BH_MM.eaf,P01,NGT,joint_unimodal_independent_vq,s1,1.0,joint,joint,0,2380,0.0008392782183364,0.5,0.0,1.0,during,0.0,58,5.841376416281997,2,-4.2053985595703125,-0.1516656577587127,-3.4327147006988525,1.4531491994857788,0.5,0.75,0.0,0.0,0.25,0.0,0.25,0.0,1.0,1.0,0.0,0.0,0.25,0.0,0.0,0.75,0.0,high,S2,Hearing,BiBi,40.26,M
2,P01_S1_NL_merged_MM_MM.eaf,P01,NL,joint_unimodal_independent_vq,s1,1.0,joint,joint,0,1980,0.0010085728717967,0.5,0.0,1.0,far,6.28399658203125,45,5.446293494704993,1,-2.092861652374268,-1.2176249027252195,-0.5152609348297119,-0.5455045700073242,0.5,0.75,0.0,0.0,0.0,0.0,0.75,0.0,0.5,0.0,0.25,0.0,0.25,0.0,0.0,0.0,0.0,low,S1,Hearing,BiBi,34.65,M
3,P01_S2_NL_NS_JS_AD_JS_MM_MM.eaf,P01,NL,joint_unimodal_independent_vq,s1,1.0,joint,joint,0,2622,0.0007619047537446,0.5,0.0,1.0,far,27.81695556640625,55,5.0285714285714285,6,-0.4053991138935089,2.1263082027435303,0.1451353132724762,0.6918189525604248,0.0,1.0,0.0,0.0,0.75,0.0,0.75,0.0,0.5,0.5,0.5,0.0,0.0,0.0,0.0,1.0,0.0,low,S2,Hearing,BiBi,40.26,M
4,P02_S2_NGT_JS_MMAttentTry.eaf,P02,NGT,joint_unimodal_independent_vq,s1,1.0,joint,joint,0,2321,0.0008605851908214,0.5,0.0,1.0,far,34.99200439453125,16,1.6523235800344234,5,3.711336135864258,-0.3198162913322449,2.9383668899536133,-0.3272527158260345,0.75,0.5,0.0,0.0,0.0,0.0,1.0,0.0,0.0,0.75,0.0,0.0,0.75,0.0,0.0,0.0,0.0,low,S2,Deaf,Signer,58.74,F
6,P03_S1_NGT-MM_JR_MM.eaf,P03,NGT,joint_unimodal_independent_vq,s1,1.0,joint,joint,0,3132,0.0006379585247486,0.5,0.0,1.0,far,27.95001220703125,34,2.602870813397129,7,0.7467933297157288,-0.769088625907898,1.1396830081939695,-0.7363004088401794,1.0,0.0,0.0,1.0,0.0,0.0,0.0,0.0,0.0,0.0,0.0,0.0,0.0,0.0,0.0,0.0,0.0,low,S1,Hearing,Signer,16.0,M
7,P04_S1_NGT_IS_merged_MM.eaf,P04,NGT,joint_unimodal_independent_vq,s1,1.0,joint,joint,0,2223,0.0008984726155176,0.5,0.0,1.0,far,99.83697509765624,16,1.7250673854447438,2,-3.664397716522217,-0.4944703578948974,-3.4327147006988525,1.4531491994857788,0.0,1.0,0.5,0.0,0.0,0.0,0.5,0.0,0.75,0.5,0.0,0.0,0.0,0.0,0.25,0.0,0.0,low,S1,Hearing,Signer,35.03,M
8,P04_S2_NGT_JR_MM_JS_BH_MM.eaf,P04,NGT,joint_unimodal_independent_vq,s1,1.0,joint,joint,0,2711,0.0007369196973741,0.5,0.0,1.0,far,52.157958984375,25,2.210759027266028,4,-2.4284794330596924,0.2377883195877075,-1.773471117019653,0.9603054523468018,0.75,0.5,0.0,0.0,0.25,0.0,0.0,0.0,1.0,0.0,0.0,0.0,0.0,0.0,0.0,0.0,0.0,low,S2,Hearing,Signer,41.48,M
9,P05_S1_NGT_merged_Restored_AD_MM_JS_MM_JS.eaf,P05,NGT,joint_unimodal_independent_vq,s1,1.0,joint,joint,0,2452,0.0008146639447659,0.5,0.0,1.0,far,41.84100341796875,29,2.835030549898167,2,-3.700177192687988,2.7458081245422363,-3.4327147006988525,1.4531491994857788,0.0,1.0,0.0,0.0,0.0,0.0,0.0,1.0,0.0,0.0,0.0,0.0,0.0,1.0,0.0,1.0,0.0,low,S1,Hearing,BiBi,54.0,M
10,P05_S2_NGT_JR_ADNEW_BH_MM.eaf,P05,NGT,joint_unimodal_independent_vq,s1,1.0,joint,joint,0,2248,0.0008884940179996,0.5,0.0,1.0,far,2.261962890625,11,1.1728120835184364,7,2.09959077835083,-2.714229106903076,1.1396830081939695,-0.7363004684448242,1.0,0.0,0.25,0.0,0.0,0.0,1.0,0.0,0.0,0.0,0.0,0.0,1.0,0.0,0.0,0.0,0.0,low,S2,Hearing,BiBi,59.81,M
11,P05_S1_NL_merged_MM_MM_MM.eaf,P05,NL,joint_unimodal_independent_vq,s1,1.0,joint,joint,0,2665,0.0007496252073906,0.5,0.0,1.0,far,14.57696533203125,81,7.286356821589205,2,-3.535995960235596,-0.4014092087745666,-3.4327147006988525,1.4531493186950684,0.0,0.75,0.5,0.0,0.0,0.0,0.75,0.0,0.5,0.0,0.0,0.0,0.0,0.0,0.0,0.0,0.0,high,S1,Hearing,BiBi,54.0,M
12,P05_S2_NL_merged_MM.eaf,P05,NL,joint_unimodal_independent_vq,s1,1.0,joint,joint,0,2416,0.0008267879020422,0.4999999701976776,0.0,1.0,far,9.67999267578125,57,5.655229433650268,7,1.7769782543182373,-2.084068298339844,1.1396830081939695,-0.7363004684448242,0.5,0.0,0.0,0.0,0.0,0.0,0.75,0.0,0.0,0.0,0.0,0.0,0.5,0.0,0.0,0.0,0.0,low,S2,Hearing,BiBi,59.81,M
13,P06_S2_NGT_JR_MM_MM.eaf,P06,NGT,joint_unimodal_independent_vq,s1,1.0,joint,joint,0,2811,0.0007107320707291,0.5,0.0,1.0,far,29.33599853515625,29,2.473347547974414,5,2.600449562072754,-1.259730100631714,2.9383668899536133,-0.3272527456283569,0.75,0.5,0.0,0.25,0.0,0.0,1.0,0.0,0.0,0.5,0.0,0.0,0.75,0.0,0.0,0.0,0.0,low,S2,Deaf,Signer,49.81,F
15,P07_S1_NGT_JR_25novDE_MM_BH_MM.eaf,P07,NGT,joint_unimodal_independent_vq,s1,1.0,joint,joint,0,2115,0.0009442870505154,0.5,0.0,1.0,far,69.69097900390625,24,2.719546742209632,6,-0.1505953669548034,2.790491104125977,0.1451353430747985,0.6918189525604248,0.0,1.0,0.25,1.0,0.5,0.0,1.0,0.25,0.0,1.0,0.0,0.0,0.0,0.25,0.0,1.0,0.0,low,S1,Hearing,Signer,56.97,M
16,P07_S2_NGT_JS_AB_MM.eaf,P07,NGT,joint_unimodal_independent_vq,s1,1.0,joint,joint,0,2470,0.0008087343303486,0.5,0.0,1.0,far,11.59503173828125,40,3.881924787707238,2,-4.451085567474365,-0.4213086068630218,-3.4327147006988525,1.4531491994857788,0.0,0.0,0.75,1.0,0.0,0.0,0.0,0.0,0.5,1.0,0.0,0.0,0.0,0.0,0.25,0.0,0.0,high,S2,Hearing,Signer,63.26,M
17,P08_S1_NGT_DE5dec_MM_JS_mm.eaf,P08,NGT,joint_unimodal_independent_vq,s1,1.0,joint,joint,0,2515,0.0007942811935208,0.5,0.0,1.0,far,3.9749755859375,67,6.386020651310564,0,3.8951029777526855,-1.280787706375122,3.95365571975708,-1.2200936079025269,1.0,0.0,0.0,1.0,0.0,0.0,1.0,0.0,0.0,1.0,0.0,0.0,1.0,0.0,0.0,0.0,0.0,high,S1,Hearing,Signer,28.97,F
18,P09_S1_NGT_merged_MM_MM.eaf,P09,NGT,joint_unimodal_independent_vq,s1,1.0,joint,joint,0,2719,0.0007347538485191,0.5,0.0,1.0,far,46.43499755859375,73,6.436443791329904,2,-3.8906891345977774,2.688982486724853,-3.4327147006988525,1.4531491994857788,0.75,0.5,0.0,0.0,0.25,0.25,0.25,1.0,0.0,0.0,0.0,0.0,0.25,0.5,0.0,0.0,0.0,high,S1,Hearing,Signer,36.81,F
19,P09_S2_NGT_DE2_IS_MM.eaf,P09,NGT,joint_unimodal_independent_vq,s1,1.0,joint,joint,0,2663,0.0007501875516027,0.5,0.0,1.0,far,13.083984375,66,5.941485371342836,0,3.7442798614501953,-1.1582310199737549,3.95365571975708,-1.2200936079025269,1.0,0.0,0.0,0.0,0.0,0.0,1.0,0.0,0.0,1.0,0.0,0.0,1.0,0.0,0.0,0.0,0.0,high,S2,Hearing,Signer,43.45,F
20,P10_S1_NGT_JR_MM.eaf,P10,NGT,joint_unimodal_independent_vq,s1,1.0,joint,joint,0,3012,0.0006633499288,0.5,0.0,1.0,far,28.91595458984375,54,4.298507462686567,0,4.223014831542969,-2.867031574249268,3.95365571975708,-1.2200936079025269,1.0,0.0,0.0,0.0,0.0,0.0,1.0,0.0,0.0,0.0,0.0,0.0,1.0,0.0,0.0,0.0,0.0,high,S1,Deaf,Signer,41.26,M
21,P10_S2_NGT_AB_MM_AB.eaf,P10,NGT,joint_unimodal_independent_vq,s1,1.0,joint,joint,0,2628,0.0007601672550663,0.5,0.0,1.0,far,30.406982421875,32,2.919042189281642,0,3.185573101043701,-2.430840492248535,3.95365571975708,-1.2200936079025269,1.0,0.25,0.0,0.0,0.0,0.0,0.75,0.0,0.5,0.0,0.0,0.0,0.75,0.0,0.0,0.0,0.0,high,S2,Deaf,Signer,47.94,M
22,P101_S1_NL_NS_AB_AB_AM.eaf,P101,NL,joint_unimodal_independent_vq,s1,1.0,joint,joint,0,2482,0.0008048289455473,0.4999999701976776,0.0,1.0,far,42.33502197265625,51,4.925553319919517,1,-2.035233736038208,-1.0567505359649658,-0.5152609348297119,-0.5455045700073242,0.0,1.0,0.0,0.0,0.0,0.0,0.75,0.0,0.75,0.5,0.0,0.0,0.0,0.0,0.0,0.25,0.0,low,S1,Comparison,non-Signer,35.35,M
23,P101_S2_NL_JS_AB_AB.eaf,P101,NL,joint_unimodal_independent_vq,s1,1.0,joint,joint,0,2571,0.0007770007941871,0.5,0.0,1.0,far,65.45904541015625,65,6.0606060606060606,4,-2.989616632461548,-1.170379877090454,-1.773471117019653,0.9603054523468018,1.0,0.0,0.0,1.0,0.25,0.0,0.75,0.0,0.75,1.0,0.0,0.0,0.75,0.0,0.0,0.0,0.0,high,S2,Comparison,non-Signer,41.39,M
24,P102_S1_NL_NS_AB_BH.eaf,P102,NL,joint_unimodal_independent_vq,s1,1.0,joint,joint,0,2549,0.0007836990407668,0.5,0.0,1.0,far,41.3800048828125,53,4.984326018808778,1,-0.3213010728359222,-0.4484677612781524,-0.5152609944343567,-0.5455045700073242,0.75,0.0,0.5,0.0,0.0,0.0,1.0,0.0,0.0,1.0,0.0,0.0,0.75,0.0,0.0,0.0,0.0,low,S1,Comparison,non-Signer,52.26,F
25,P102_S2_NL_AB_JS_IS.eaf,P102,NL,joint_unimodal_independent_vq,s1,1.0,joint,joint,0,2595,0.0007698229164816,0.4999999701976776,0.0,1.0,far,69.22900390625,76,7.020785219399539,0,3.3232452869415283,-2.488405227661133,3.95365571975708,-1.2200936079025269,1.0,0.0,0.0,0.0,0.0,0.0,1.0,0.0,0.0,0.0,0.0,0.0,1.0,0.0,0.0,0.25,0.25,high,S2,Comparison,non-Signer,57.97,F
26,P103_S2_NL_JS_AB_AB_AB.eaf,P103,NL,joint_unimodal_independent_vq,s1,1.0,joint,joint,0,2508,0.000796495412942,0.5,0.0,1.0,far,14.1400146484375,65,6.212664277180406,5,3.0080714225769043,-0.0375387743115425,2.9383668899536133,-0.3272527158260345,1.0,0.0,0.0,0.0,0.0,0.0,1.0,0.0,0.0,1.0,0.0,0.0,1.0,0.0,0.0,1.0,0.0,high,S2,Unknown,,,
27,P104_S1_NL_NS_IS_JS.eaf,P104,NL,joint_unimodal_independent_vq,s1,1.0,joint,joint,0,2179,0.0009165902738459,0.5,0.0,1.0,far,12.4129638671875,27,2.969752520623281,5,3.0396411418914795,0.1504908204078674,2.9383668899536133,-0.3272527158260345,1.0,0.0,0.0,1.0,0.0,0.0,1.0,0.0,0.0,1.0,0.0,0.0,1.0,0.0,0.0,1.0,0.0,low,S1,Comparison,non-Signer,34.55,F
28,P104_S2_NL_AB_JS_LA_MM_JS.eaf,P104,NL,joint_unimodal_independent_vq,s1,1.0,joint,joint,0,2362,0.0008456659852527,0.5,0.0,1.0,far,20.60003662109375,56,5.6828752642706135,1,-0.0823137015104293,-0.4447656273841858,-0.5152609944343567,-0.5455045700073242,0.25,1.0,0.0,0.0,0.0,0.0,1.0,0.0,0.25,0.0,0.0,0.0,0.25,0.0,0.0,0.0,0.0,high,S2,Comparison,non-Signer,40.77,F
29,P106_S1_NL_NS_JS_IS.eaf,P106,NL,joint_unimodal_independent_vq,s1,1.0,joint,joint,0,2404,0.0008309098193421,0.4999999701976776,0.0,1.0,far,30.5250244140625,31,3.090984628167844,0,3.085761547088623,-2.5994038581848145,3.95365571975708,-1.2200936079025269,1.0,0.0,0.0,0.0,0.0,0.0,1.0,0.0,0.0,0.0,0.0,0.0,1.0,0.0,0.0,0.0,0.0,low,S1,Comparison,non-Signer,37.58,M
30,P106_S2_NL_AB_JS_IJ_BH_AB_AB.eaf,P106,NL,joint_unimodal_independent_vq,s1,1.0,joint,joint,0,2512,0.0007952286396175,0.5,0.0,1.0,far,4.06201171875,40,3.817097415506959,1,-1.484154224395752,-0.5985215902328491,-0.5152609944343567,-0.5455045700073242,0.0,1.0,0.0,0.0,0.0,0.0,0.75,0.0,0.75,1.0,0.0,0.0,0.0,0.0,0.0,0.0,0.0,low,S2,Comparison,non-Signer,43.68,M
31,P107_S1_NL_ET_AB_AB_JS.eaf,P107,NL,joint_unimodal_independent_vq,s1,1.0,joint,joint,0,2389,0.0008361203945241,0.5,0.0,1.0,far,48.6080322265625,42,4.214046822742475,7,1.3377788066864014,-2.858215093612671,1.1396830081939695,-0.7363004684448242,1.0,0.0,0.0,0.0,0.0,0.0,1.0,0.0,0.25,0.0,0.0,0.0,1.0,0.0,0.0,0.0,0.0,low,S1,Comparison,non-Signer,57.26,M
32,P107_S2_NL_merged_MM_JS_IS.eaf,P107,NL,joint_unimodal_independent_vq,s1,1.0,joint,joint,0,2363,0.000845308532007,0.5,0.0,1.0,far,19.68096923828125,78,7.912087912087912,7,1.898872137069702,-2.5698366165161133,1.1396830081939695,-0.7363004684448242,1.0,0.0,0.0,1.0,0.0,0.0,1.0,0.0,0.0,0.0,0.0,0.0,1.0,0.0,0.0,0.0,0.0,high,S2,Comparison,non-Signer,62.81,M
33,P108_S1_NL_merge_AB_JS_AB_AB.eaf,P108,NL,joint_unimodal_independent_vq,s1,1.0,joint,joint,0,2412,0.0008281573536805,0.5,0.0,1.0,far,9.531005859375,81,8.049689440993788,3,2.074955463409424,1.242333173751831,1.440893054008484,0.658514678478241,0.5,0.75,0.0,0.0,1.0,0.0,1.0,0.0,0.25,0.0,0.0,0.0,0.5,0.0,0.0,0.0,0.0,high,S1,Comparison,non-Signer,28.9,F
34,P109_S1_NL_IS_JS.eaf,P109,NL,joint_unimodal_independent_vq,s1,1.0,joint,joint,0,2416,0.0008267879020422,0.4999999701976776,0.0,1.0,far,7.64801025390625,101,10.020669698222406,0,2.725654125213623,-2.670990467071533,3.95365571975708,-1.2200936079025269,1.0,0.0,0.0,0.0,0.0,0.0,1.0,0.0,0.0,0.0,0.0,0.0,1.0,0.0,0.0,0.0,0.0,high,S1,Comparison,non-Signer,37.52,F
35,P109_S2_NL_AB_JS_IS_BH_IS.eaf,P109,NL,joint_unimodal_independent_vq,s1,1.0,joint,joint,0,2322,0.0008602150483056,0.5,0.0,1.0,during,0.0,82,8.464516129032258,2,-4.368969917297363,0.0493486672639846,-3.4327147006988525,1.4531491994857788,0.0,0.0,1.0,0.0,0.0,0.0,0.0,0.0,1.0,0.0,0.0,0.0,0.0,0.0,1.0,0.75,0.0,high,S2,Comparison,non-Signer,43.26,F
36,P11_S1_NGT_DE21jan_MM_AB.eaf,P11,NGT,joint_unimodal_independent_vq,s1,1.0,joint,joint,0,1658,0.0012040939182043,0.5,0.0,1.0,far,8.8800048828125,20,2.8898254063816977,3,2.1549110412597656,0.7091039419174194,1.440893054008484,0.658514678478241,0.5,0.75,0.0,1.0,0.75,0.0,1.0,0.0,0.25,1.0,0.0,0.0,0.5,0.0,0.0,0.0,0.0,low,S1,Deaf,Signer,15.65,M
37,P11_S2_NGT_DE_MM_AB.eaf,P11,NGT,joint_unimodal_independent_vq,s1,1.0,joint,joint,0,2641,0.0007564296247437,0.4999999701976776,0.0,1.0,far,5.449951171875,49,4.447806354009077,3,1.9843783378601076,1.3098552227020264,1.440893054008484,0.658514678478241,0.5,0.75,0.0,0.0,0.0,0.0,0.5,0.0,0.0,1.0,0.0,0.0,0.5,0.0,0.0,0.0,0.0,high,S2,Deaf,Signer,21.9,M
38,P110_S1_NL_NS_AB_AB_AB.eaf,P110,NL,joint_unimodal_independent_vq,s1,1.0,joint,joint,0,2783,0.0007178750820457,0.5,0.0,1.0,far,51.80999755859375,76,6.547020818377603,2,-4.976687431335449,0.6437746286392212,-3.4327147006988525,1.4531491994857788,0.0,0.75,0.5,1.0,0.0,0.0,0.5,0.5,0.5,0.0,0.5,0.0,0.0,0.5,0.25,0.5,0.5,high,S1,Unknown,,,
39,P12_S1_NGT_JS_MM_MM.eaf,P12,NGT,joint_unimodal_independent_vq,s1,1.0,joint,joint,0,3081,0.0006485084304586,0.5,0.0,1.0,far,38.96600341796875,25,1.9455252918287935,1,-0.3424924910068512,-1.4499762058258057,-0.5152609944343567,-0.5455045700073242,0.0,0.0,0.0,0.0,0.0,0.0,0.0,0.0,0.0,0.0,0.0,0.0,0.0,0.0,0.0,0.0,0.0,low,S1,Hearing,Signer,13.45,F
40,P153_S1_NL_MM_JS_IS_MM.eaf,P153,NL,joint_unimodal_independent_vq,s1,1.0,joint,joint,0,2600,0.0007683442090637,0.5,0.0,1.0,far,9.63299560546875,52,4.79446792162889,1,-0.4656274318695068,-2.343766450881958,-0.5152609944343567,-0.5455045700073242,1.0,0.0,0.0,0.5,0.0,0.0,0.75,0.0,0.5,0.0,0.0,0.0,0.75,0.0,0.0,0.0,0.0,low,S1,Comparison,non-Signer,14.77,F
41,P154_S1_NL_MM_JS_IS_MM.eaf,P154,NL,joint_unimodal_independent_vq,s1,1.0,joint,joint,0,1678,0.0011897679651156,0.5,0.0,1.0,far,4.1409912109375,36,5.13979773944081,2,-3.6084022521972656,-0.4489472806453705,-3.4327147006988525,1.4531491994857788,0.0,1.0,0.25,1.0,0.0,0.0,0.0,0.0,1.0,0.0,0.0,0.0,0.0,0.0,0.25,0.75,0.0,low,S1,Comparison,non-Signer,20.61,M
